-- Cursos
INSERT INTO curso (id, nome) VALUES (1, 'Administração');
INSERT INTO curso (id, nome) VALUES (2, 'Engenharia de Produção');
INSERT INTO curso (id, nome) VALUES (3, 'Licenciatura em Letras');
INSERT INTO curso (id, nome) VALUES (4, 'Licenciatura em Matemática');
INSERT INTO curso (id, nome) VALUES (5, 'Licenciatura em Pedagogia');
INSERT INTO curso (id, nome) VALUES (6, 'Sistemas da Informação');

-- Matérias - Administração (curso_id = 1)
INSERT INTO disciplina (id, nome, professor, curso_id) VALUES (1, 'Noções Básicas de Administração', 'Profa. Janimayri Forastieri', 1);
INSERT INTO disciplina (id, nome, professor, curso_id) VALUES (2, 'Filosofia e Ética', 'Prof. Ricardo Valadão', 1);
INSERT INTO disciplina (id, nome, professor, curso_id) VALUES (3, 'Matemática I', 'Profa. Gilza Simão', 1);
INSERT INTO disciplina (id, nome, professor, curso_id) VALUES (4, 'Noções Básicas de Engenharia de Produção', 'Prof. Leonardo Brum', 1);
INSERT INTO disciplina (id, nome, professor, curso_id) VALUES (5, 'Noções Básicas de Tec. da Informação', 'Prof. Ralph Bini', 1);
INSERT INTO disciplina (id, nome, professor, curso_id) VALUES (6, 'Português Instrumental', 'Profa. Maria Eduarda Nogueira', 1);
INSERT INTO disciplina (id, nome, professor, curso_id) VALUES (7, 'Estágio Supervisionado I (ADM)', 'Profa. Gisele Muniz', 1);
INSERT INTO disciplina (id, nome, professor, curso_id) VALUES (8, 'Estágio Supervisionado II (ADM)', 'Profa. Larissa Tavares', 1);
INSERT INTO disciplina (id, nome, professor, curso_id) VALUES (9, 'Trabalho de Conclusão de Curso II - ADM', 'Profa. Janimayri Forastieri', 1);
INSERT INTO disciplina (id, nome, professor, curso_id) VALUES (10, 'Matemática II', 'Prof. Vinícius Luz', 1);
INSERT INTO disciplina (id, nome, professor, curso_id) VALUES (11, 'Estatística e Probabilidade', 'a definir', 1);
INSERT INTO disciplina (id, nome, professor, curso_id) VALUES (12, 'Teoria Geral da Administração', 'Prof. Samuel Martins', 1);
INSERT INTO disciplina (id, nome, professor, curso_id) VALUES (13, 'Economia Micro e Macro', 'Profa. Camila Sampaio', 1);
INSERT INTO disciplina (id, nome, professor, curso_id) VALUES (14, 'Sociologia', 'a definir', 1);
INSERT INTO disciplina (id, nome, professor, curso_id) VALUES (15, 'Inglês Instrumental', 'Prof. Edkleisson de Paiva', 1);
INSERT INTO disciplina (id, nome, professor, curso_id) VALUES (16, 'Legislação e Segurança do Trabalho', 'Prof. Antônio Carlos', 1);
INSERT INTO disciplina (id, nome, professor, curso_id) VALUES (17, 'Inferência Estatística', 'Profa. Gilza Simão', 1);
INSERT INTO disciplina (id, nome, professor, curso_id) VALUES (18, 'Inteligência Emocional', 'Profa. Janimayri Forastieri', 1);
INSERT INTO disciplina (id, nome, professor, curso_id) VALUES (19, 'Fundamentos da Contabilidade', 'Profa. Vanessa Aguiar', 1);
INSERT INTO disciplina (id, nome, professor, curso_id) VALUES (20, 'Economia Brasileira', 'Profa. Camila Sampaio', 1);
INSERT INTO disciplina (id, nome, professor, curso_id) VALUES (21, 'Metodologia de Pesquisa', 'Prof. Alessandro Simão', 1);
INSERT INTO disciplina (id, nome, professor, curso_id) VALUES (22, 'Matemática Financeira', 'Profa. Laimara Barroso', 1);
INSERT INTO disciplina (id, nome, professor, curso_id) VALUES (23, 'Organização, Sistemas e Métodos', 'Prof. Samuel Martins', 1);
INSERT INTO disciplina (id, nome, professor, curso_id) VALUES (24, 'Gestão de Custos', 'a definir', 1);
INSERT INTO disciplina (id, nome, professor, curso_id) VALUES (25, 'Arranjo Físico Industrial', 'a definir', 1);
INSERT INTO disciplina (id, nome, professor, curso_id) VALUES (26, 'Psicologia Aplicada à Administração', 'Profa. Liliane Cristine', 1);
INSERT INTO disciplina (id, nome, professor, curso_id) VALUES (27, 'Raciocínio Lógico', 'Profa. Receba Costa', 1);
INSERT INTO disciplina (id, nome, professor, curso_id) VALUES (28, 'Administração Financeira e Orçamentária I', 'a definir', 1);
INSERT INTO disciplina (id, nome, professor, curso_id) VALUES (29, 'Marketing I', 'Profa. Janaína Peixoto', 1);
INSERT INTO disciplina (id, nome, professor, curso_id) VALUES (30, 'Pesquisa Operacional', 'Profa. Luize Moura', 1);
INSERT INTO disciplina (id, nome, professor, curso_id) VALUES (31, 'Direito Público', 'Profa. Fabiana Gomes', 1);
INSERT INTO disciplina (id, nome, professor, curso_id) VALUES (32, 'Gestão por Processos', 'a definir', 1);
INSERT INTO disciplina (id, nome, professor, curso_id) VALUES (33, 'Gestão de Pessoas', 'Profa. Liliane Cristine', 1);
INSERT INTO disciplina (id, nome, professor, curso_id) VALUES (34, 'Marketing II', 'Profa. Janaína Peixoto', 1);
INSERT INTO disciplina (id, nome, professor, curso_id) VALUES (35, 'Administração Financeira e Orçamentária II', 'a definir', 1);
INSERT INTO disciplina (id, nome, professor, curso_id) VALUES (36, 'Logística', 'Profa. Anírian Cristiane', 1);
INSERT INTO disciplina (id, nome, professor, curso_id) VALUES (37, 'Empreendedorismo', 'Profa. Fernanda Falquer', 1);
INSERT INTO disciplina (id, nome, professor, curso_id) VALUES (38, 'Direito Privado', 'Profa. Fabiana Gomes', 1);
INSERT INTO disciplina (id, nome, professor, curso_id) VALUES (39, 'Gestão Estratégica de Pessoas', 'Profa. Fernanda Falquer', 1);
INSERT INTO disciplina (id, nome, professor, curso_id) VALUES (40, 'Gestão da Qualidade', 'Prof. Sérgio Fiuza', 1);
INSERT INTO disciplina (id, nome, professor, curso_id) VALUES (41, 'Sistemas de Informações Gerenciais', 'Prof. Emerson Borges', 1);
INSERT INTO disciplina (id, nome, professor, curso_id) VALUES (42, 'Gestão Ambiental', 'Profa. Thais Rocha', 1);
INSERT INTO disciplina (id, nome, professor, curso_id) VALUES (43, 'Logística e Comércio Exterior', 'Profa. Luize Moura', 1);
INSERT INTO disciplina (id, nome, professor, curso_id) VALUES (44, 'Gestão de disciplinais e Patrimônio', 'Prof. Ridley Gomes', 1);
INSERT INTO disciplina (id, nome, professor, curso_id) VALUES (45, 'Trabalho de Conclusão de Curso I - ADM', 'a definir', 1);
INSERT INTO disciplina (id, nome, professor, curso_id) VALUES (46, 'Gestão de Serviços', 'Prof. Samuel Martins', 1);
INSERT INTO disciplina (id, nome, professor, curso_id) VALUES (47, 'Gerência de Projetos', 'Prof. Sérgio Fiuza', 1);
INSERT INTO disciplina (id, nome, professor, curso_id) VALUES (48, 'Gestão Estratégica', 'Prof. Ridley Gomes', 1);
INSERT INTO disciplina (id, nome, professor, curso_id) VALUES (49, 'Simulação de Negócios', 'Profa. Anírian Cristiane', 1);
INSERT INTO disciplina (id, nome, professor, curso_id) VALUES (50, 'Integridade Empresarial', 'Profa. Fernanda Falquer', 1);
INSERT INTO disciplina (id, nome, professor, curso_id) VALUES (51, 'Administração Pública', 'Profa. Fabiana Gomes', 1);

-- Matérias - Engenharia de Produção (curso_id = 2)
INSERT INTO disciplina (id, nome, professor, curso_id) VALUES (52, 'Noções Básicas de Engenharia de Produção', 'Prof. Leonardo Brum', 2);
INSERT INTO disciplina (id, nome, professor, curso_id) VALUES (53, 'Noções Básicas de Programação', 'Prof. Sérgio Eduardo', 2);
INSERT INTO disciplina (id, nome, professor, curso_id) VALUES (54, 'Introdução ao Cálculo (SI e EP)', 'Profa. Laimara Barroso', 2);
INSERT INTO disciplina (id, nome, professor, curso_id) VALUES (55, 'Filosofia e Ética', 'a definir', 2);
INSERT INTO disciplina (id, nome, professor, curso_id) VALUES (56, 'Noções Básicas de Administração', 'Prof. Leandro Romitti', 2);
INSERT INTO disciplina (id, nome, professor, curso_id) VALUES (57, 'Português Instrumental', 'a definir', 2);
INSERT INTO disciplina (id, nome, professor, curso_id) VALUES (58, 'Estágio Supervisionado I (EP)', 'a definir', 2);
INSERT INTO disciplina (id, nome, professor, curso_id) VALUES (59, 'Estágio Supervisionado II (EP)', 'Profa. Fabíola Coelho', 2);
INSERT INTO disciplina (id, nome, professor, curso_id) VALUES (60, 'Trabalho de Conclusão de Curso II - EP', 'a definir', 2);
INSERT INTO disciplina (id, nome, professor, curso_id) VALUES (61, 'Estatística e Probabilidade', 'Profa. Larissa Menezes', 2);
INSERT INTO disciplina (id, nome, professor, curso_id) VALUES (62, 'Cálculo Diferencial e Integral I', 'Prof. Vinícius Luz', 2);
INSERT INTO disciplina (id, nome, professor, curso_id) VALUES (63, 'Programação de Computadores I', 'Prof. Sérgio Eduardo', 2);
INSERT INTO disciplina (id, nome, professor, curso_id) VALUES (64, 'Desenho Técnico', 'Prof. Ridley Gomes', 2);
INSERT INTO disciplina (id, nome, professor, curso_id) VALUES (65, 'Fundamentos da Contabilidade', 'Profa. Vanessa Aguiar', 2);
INSERT INTO disciplina (id, nome, professor, curso_id) VALUES (66, 'Física I', 'Prof. Nicolas Mota', 2);
INSERT INTO disciplina (id, nome, professor, curso_id) VALUES (67, 'Inferência Estatística', 'Profa. Gilza Simão', 2);
INSERT INTO disciplina (id, nome, professor, curso_id) VALUES (68, 'Metodologia de Pesquisa', 'a definir', 2);
INSERT INTO disciplina (id, nome, professor, curso_id) VALUES (69, 'Física II', 'Prof. Alexandre de Oliveira', 2);
INSERT INTO disciplina (id, nome, professor, curso_id) VALUES (70, 'Álgebra Linear', 'Prof. Vinícius Magno', 2);
INSERT INTO disciplina (id, nome, professor, curso_id) VALUES (71, 'Cálculo Diferencial e Integral II', 'Prof. Nicolas Mota', 2);
INSERT INTO disciplina (id, nome, professor, curso_id) VALUES (72, 'Química Geral', 'Prof. Laercio Lopes', 2);
INSERT INTO disciplina (id, nome, professor, curso_id) VALUES (73, 'Física III', 'Prof. Alexandre de Oliveira', 2);
INSERT INTO disciplina (id, nome, professor, curso_id) VALUES (74, 'Ciência e Engenharia de disciplinais', 'Prof. Antônio Carlos', 2);
INSERT INTO disciplina (id, nome, professor, curso_id) VALUES (75, 'Gestão de Custos', 'a definir', 2);
INSERT INTO disciplina (id, nome, professor, curso_id) VALUES (76, 'Pesquisa Operacional I', 'Prof. Alessandro Simão', 2);
INSERT INTO disciplina (id, nome, professor, curso_id) VALUES (77, 'Cálculo Numérico', 'Prof. Vinícius Magno', 2);
INSERT INTO disciplina (id, nome, professor, curso_id) VALUES (78, 'Cálculo Diferencial e Integral III', 'a definir', 2);
INSERT INTO disciplina (id, nome, professor, curso_id) VALUES (79, 'Resistência dos disciplinais I', 'Profa. Thais Rocha', 2);
INSERT INTO disciplina (id, nome, professor, curso_id) VALUES (80, 'Sistemas de Informações Gerenciais', 'Prof. Emerson Borges', 2);
INSERT INTO disciplina (id, nome, professor, curso_id) VALUES (81, 'Ergonomia', 'Prof. Leonardo Brum', 2);
INSERT INTO disciplina (id, nome, professor, curso_id) VALUES (82, 'Pesquisa Operacional II', 'Prof. Alessandro Simão', 2);
INSERT INTO disciplina (id, nome, professor, curso_id) VALUES (83, 'Sistemas Produtivos', 'Prof. Ridley Gomes', 2);
INSERT INTO disciplina (id, nome, professor, curso_id) VALUES (84, 'Gestão da Qualidade', 'Prof. Sérgio Fiuza', 2);
INSERT INTO disciplina (id, nome, professor, curso_id) VALUES (85, 'Resistência dos disciplinais II', 'Profa. Thais Rocha', 2);
INSERT INTO disciplina (id, nome, professor, curso_id) VALUES (86, 'Processos Industriais e de Fabricação', 'Prof. Felipe Cherchiareto', 2);
INSERT INTO disciplina (id, nome, professor, curso_id) VALUES (87, 'Arranjo Físico Industrial', 'a definir', 2);
INSERT INTO disciplina (id, nome, professor, curso_id) VALUES (88, 'Fenômenos de Transferências', 'Prof. Rafael Passos', 2);
INSERT INTO disciplina (id, nome, professor, curso_id) VALUES (89, 'Logística', 'a definir', 2);
INSERT INTO disciplina (id, nome, professor, curso_id) VALUES (90, 'Gestão da Inovação Industrial', 'Prof. Felipe Cherchiareto', 2);
INSERT INTO disciplina (id, nome, professor, curso_id) VALUES (91, 'Projeto do Produto', 'Profa. Luize Moura', 2);
INSERT INTO disciplina (id, nome, professor, curso_id) VALUES (92, 'Gestão Ambiental', 'Profa. Thais Rocha', 2);
INSERT INTO disciplina (id, nome, professor, curso_id) VALUES (93, 'Sistema de Medição', 'Prof. Sérgio Fiuza', 2);
INSERT INTO disciplina (id, nome, professor, curso_id) VALUES (94, 'Gestão de disciplinais e Patrimônio', 'Prof. Ridley Gomes', 2);
INSERT INTO disciplina (id, nome, professor, curso_id) VALUES (95, 'Engenharia Econômica', 'Profa. Camila Sampaio', 2);
INSERT INTO disciplina (id, nome, professor, curso_id) VALUES (96, 'Gestão de Cadeia de Abastecimento', 'a definir', 2);
INSERT INTO disciplina (id, nome, professor, curso_id) VALUES (97, 'Gerência de Projetos', 'Prof. Sérgio Fiuza', 2);
INSERT INTO disciplina (id, nome, professor, curso_id) VALUES (98, 'Gestão Estratégica', 'Prof. Ridley Gomes', 2);
INSERT INTO disciplina (id, nome, professor, curso_id) VALUES (99, 'Empreendedorismo', 'Profa. Fernanda Falquer', 2);
INSERT INTO disciplina (id, nome, professor, curso_id) VALUES (100, 'Gestão por Processos', 'a definir', 2);
INSERT INTO disciplina (id, nome, professor, curso_id) VALUES (101, 'Tecnologias de Gestão da Produção', 'Prof. Ridley Gomes', 2);
INSERT INTO disciplina (id, nome, professor, curso_id) VALUES (102, 'Engenharia do Trabalho', 'Prof. Leonardo Brum', 2);
INSERT INTO disciplina (id, nome, professor, curso_id) VALUES (103, 'Gestão de Investimento', 'Prof. Antônio Carlos', 2);
INSERT INTO disciplina (id, nome, professor, curso_id) VALUES (104, 'Noções Básicas de Engenharia do Petróleo', 'Prof. Laercio Lopes', 2);
INSERT INTO disciplina (id, nome, professor, curso_id) VALUES (105, 'Trabalho de Conclusão de Curso I - EP', 'a definir', 2);
INSERT INTO disciplina (id, nome, professor, curso_id) VALUES (106, 'Controle Estatístico', 'a definir', 2);
INSERT INTO disciplina (id, nome, professor, curso_id) VALUES (107, 'Legislação e Segurança do Trabalho', 'Prof. Antônio Carlos', 2);
INSERT INTO disciplina (id, nome, professor, curso_id) VALUES (108, 'Sistemas de Garantia da Qualidade', 'Prof. Felipe Cherchiareto', 2);
INSERT INTO disciplina (id, nome, professor, curso_id) VALUES (109, 'Gestão de Manutenção e Confiabilidade', 'Prof. Fábio Ventapane', 2);
INSERT INTO disciplina (id, nome, professor, curso_id) VALUES (110, 'Gestão de Pessoas', 'Prof. Janaína Peixoto', 2);
INSERT INTO disciplina (id, nome, professor, curso_id) VALUES (111, 'Simulação em Sistemas de Produção', 'a definir', 2);
INSERT INTO disciplina (id, nome, professor, curso_id) VALUES (112, 'Tecnologia de Automação e Controle', 'a definir', 2);

-- Matérias - Licenciatura em Letras (curso_id = 3)
INSERT INTO disciplina (id, nome, professor, curso_id) VALUES (113, 'Sociologia da Educação', 'Profa. Jéssica Cristina', 3);
INSERT INTO disciplina (id, nome, professor, curso_id) VALUES (114, 'Políticas de Gestão e Org. da Educação Nacional', 'Profa. Lais de Paula', 3);
INSERT INTO disciplina (id, nome, professor, curso_id) VALUES (115, 'Literatura Brasileira I', 'Profa. Joice de Lima Pereira', 3);
INSERT INTO disciplina (id, nome, professor, curso_id) VALUES (116, 'Teoria da Literatura I', 'Prof. Gabriel Guimarães Barbosa', 3);
INSERT INTO disciplina (id, nome, professor, curso_id) VALUES (117, 'Linguística I', 'Profa. Maria Eduarda Costa', 3);
INSERT INTO disciplina (id, nome, professor, curso_id) VALUES (118, 'Língua Portuguesa II', 'Profa. Sandra Matsumura', 3);
INSERT INTO disciplina (id, nome, professor, curso_id) VALUES (119, 'Estágio Curricular Supervisionado I - LETRAS', 'Profa. Claudia Leite', 3);
INSERT INTO disciplina (id, nome, professor, curso_id) VALUES (120, 'Estágio Curricular Supervisionado II - LETRAS', 'Profa. Claudia Leite', 3);

-- Matérias - Licenciatura em Matemática (curso_id = 4)
INSERT INTO disciplina (id, nome, professor, curso_id) VALUES (121, 'Filosofia da Educação', 'Prof. Ricardo Valadão', 4);
INSERT INTO disciplina (id, nome, professor, curso_id) VALUES (122, 'Leitura e Produção de Textos', 'a definir', 4);
INSERT INTO disciplina (id, nome, professor, curso_id) VALUES (123, 'Fundamentos da Matemática Elementar I', 'Profa. Margarete Ramos', 4);
INSERT INTO disciplina (id, nome, professor, curso_id) VALUES (124, 'Geometria I', 'Profa. Mariah Rissi', 4);
INSERT INTO disciplina (id, nome, professor, curso_id) VALUES (125, 'Matemática Básica I', 'Profa. Aline Viana', 4);
INSERT INTO disciplina (id, nome, professor, curso_id) VALUES (126, 'Libras', 'a definir', 4);
INSERT INTO disciplina (id, nome, professor, curso_id) VALUES (127, 'Estágio Curricular Supervisionado I (MAT)', 'Profa. Amanda Chaves', 4);
INSERT INTO disciplina (id, nome, professor, curso_id) VALUES (128, 'Psicologia da Educação', 'Profa. Joyce Elaine', 4);
INSERT INTO disciplina (id, nome, professor, curso_id) VALUES (129, 'Geometria Analítica', 'Profa. Amanda Chaves', 4);
INSERT INTO disciplina (id, nome, professor, curso_id) VALUES (130, 'Metodologia de Pesquisa', 'a definir', 4);
INSERT INTO disciplina (id, nome, professor, curso_id) VALUES (131, 'Fundamentos da Matemática Elementar III', 'Profa. Margarete Ramos', 4);
INSERT INTO disciplina (id, nome, professor, curso_id) VALUES (132, 'Planejamento Educacional e Currículo', 'Profa. Lais de Paula', 4);
INSERT INTO disciplina (id, nome, professor, curso_id) VALUES (133, 'Cálculo Diferencial e Integral I', 'a definir', 4);
INSERT INTO disciplina (id, nome, professor, curso_id) VALUES (134, 'Inferência Estatística', 'Profa. Gilza Simão', 4);
INSERT INTO disciplina (id, nome, professor, curso_id) VALUES (135, 'Álgebra Linear e Geometria Analítica', 'Profa. Isabella Cristina', 4);
INSERT INTO disciplina (id, nome, professor, curso_id) VALUES (136, 'Metodologias para o Ensino da Matemática I', 'Profa. Larissa Menezes', 4);
INSERT INTO disciplina (id, nome, professor, curso_id) VALUES (137, 'Educação de Jovens e Adultos', 'a definir', 4);
INSERT INTO disciplina (id, nome, professor, curso_id) VALUES (138, 'Cálculo Diferencial e Integral III', 'Profa. Rebeca Costa', 4);
INSERT INTO disciplina (id, nome, professor, curso_id) VALUES (139, 'Física I', 'Prof. Nicolas Mota', 4);
INSERT INTO disciplina (id, nome, professor, curso_id) VALUES (140, 'Estágio Curricular Supervisionado I (MAT)', 'Profa. Joyce Elaine', 4);
INSERT INTO disciplina (id, nome, professor, curso_id) VALUES (141, 'Cálculo Diferencial e Integral IV', 'Profa. Amanda Chaves', 4);
INSERT INTO disciplina (id, nome, professor, curso_id) VALUES (142, 'Metodologias para o Ensino da Matemática II', 'Profa. Larissa Menezes', 4);
INSERT INTO disciplina (id, nome, professor, curso_id) VALUES (143, 'Física II', 'Prof. Alexandre de Oliveira', 4);
INSERT INTO disciplina (id, nome, professor, curso_id) VALUES (144, 'Laboratório de Pesquisa em Educ. Matemática I', 'Profa. Aline Viana', 4);
INSERT INTO disciplina (id, nome, professor, curso_id) VALUES (145, 'Cálculo Numérico', 'Prof. Vinícius Magno', 4);
INSERT INTO disciplina (id, nome, professor, curso_id) VALUES (146, 'Equações Diferenciais e Ordinárias', 'Profa. Aline Viana', 4);
INSERT INTO disciplina (id, nome, professor, curso_id) VALUES (147, 'Estágio Curricular Supervisionado II (MAT)', 'Profa. Lais de Paula', 4);
INSERT INTO disciplina (id, nome, professor, curso_id) VALUES (148, 'Física III', 'Prof. Alexandre de Oliveira', 4);
INSERT INTO disciplina (id, nome, professor, curso_id) VALUES (149, 'Educação Ambiental e Cidadania', 'a definir', 4);
INSERT INTO disciplina (id, nome, professor, curso_id) VALUES (150, 'Laboratório de Pesquisa em Educ. Matemática II', 'Profa. Mariah Rissi', 4);
INSERT INTO disciplina (id, nome, professor, curso_id) VALUES (151, 'Matemática Computacional', 'Prof. Luciano Rangel', 4);
INSERT INTO disciplina (id, nome, professor, curso_id) VALUES (152, 'Matemática Discreta', 'Profa. Margarete Ramos', 4);
INSERT INTO disciplina (id, nome, professor, curso_id) VALUES (153, 'Introdução à Álgebra', 'Prof. Vinícius Magno', 4);
INSERT INTO disciplina (id, nome, professor, curso_id) VALUES (154, 'Estágio Curricular Supervisionado III (MAT)', 'Profa. Jéssica Cristina', 4);
INSERT INTO disciplina (id, nome, professor, curso_id) VALUES (155, 'Trabalho de Conclusão de Curso I - MAT', 'Profa. Joyce Elaine', 4);
INSERT INTO disciplina (id, nome, professor, curso_id) VALUES (156, 'Matemática Financeira', 'Profa. Laimara Barroso', 4);
INSERT INTO disciplina (id, nome, professor, curso_id) VALUES (157, 'Física IV', 'Prof. Alexandre de Oliveira', 4);
INSERT INTO disciplina (id, nome, professor, curso_id) VALUES (158, 'História e Filosofia da Matemática', 'Prof. Vinícius da Cunha', 4);
INSERT INTO disciplina (id, nome, professor, curso_id) VALUES (159, 'Análise Real', 'Profa. Isabela Cristina', 4);
INSERT INTO disciplina (id, nome, professor, curso_id) VALUES (160, 'Tecnologias no Ensino da Matemática', 'Prof. Luciano Rangel', 4);
INSERT INTO disciplina (id, nome, professor, curso_id) VALUES (161, 'Ética, Diversidade e Direitos Humanos', 'a definir', 4);
INSERT INTO disciplina (id, nome, professor, curso_id) VALUES (162, 'Estágio Curricular Supervisionado IV - Matemática', 'Profa. Andrea Bottino', 4);
INSERT INTO disciplina (id, nome, professor, curso_id) VALUES (163, 'Trabalho de Conclusão de Curso II - MAT', 'Profa. Andrea Bottino', 4);

-- Matérias - Licenciatura em Pedagogia (curso_id = 5)
INSERT INTO disciplina (id, nome, professor, curso_id) VALUES (164, 'Psicologia da Educação', 'Profa. Joyce Elaine', 5);
INSERT INTO disciplina (id, nome, professor, curso_id) VALUES (165, 'Sociologia da Educação', 'Profa. Jéssica Cristina', 5);
INSERT INTO disciplina (id, nome, professor, curso_id) VALUES (166, 'Didática', 'Profa. Andrea Bottino', 5);
INSERT INTO disciplina (id, nome, professor, curso_id) VALUES (167, 'Gestão Democrática e Autonomia', 'a definir', 5);
INSERT INTO disciplina (id, nome, professor, curso_id) VALUES (168, 'Políticas de Gestão e Org. da Educação Nacional', 'Profa. Lais de Paula', 5);
INSERT INTO disciplina (id, nome, professor, curso_id) VALUES (169, 'Estágio Curricular Supervisionado I -- PED', 'Profa. Bianca Kersbaumer Nogueira', 5);
INSERT INTO disciplina (id, nome, professor, curso_id) VALUES (170, 'Estágio Curricular Supervisionado II -- PED', 'Profa. Bianca Kersbaumer Nogueira', 5);

-- Matérias - Sistemas da Informação (curso_id = 6)
INSERT INTO disciplina (id, nome, professor, curso_id) VALUES (171, 'Noções Básicas de Programação', 'Prof. Sérgio Eduardo', 6);
INSERT INTO disciplina (id, nome, professor, curso_id) VALUES (172, 'Filosofia e Ética', 'Prof. Edkleisson de Paiva de Sousa', 6);
INSERT INTO disciplina (id, nome, professor, curso_id) VALUES (173, 'Noções de Engenharia do Software', 'Prof. Afonso Carlos Tavares', 6);
INSERT INTO disciplina (id, nome, professor, curso_id) VALUES (174, 'Estruturas Organizacionais', 'Prof. Leonardo Brum', 6);
INSERT INTO disciplina (id, nome, professor, curso_id) VALUES (175, 'Introdução à Lógica', 'a definir', 6);
INSERT INTO disciplina (id, nome, professor, curso_id) VALUES (176, 'Português', 'Profa. Maria Eduarda Costa', 6);
INSERT INTO disciplina (id, nome, professor, curso_id) VALUES (177, 'Estágio Supervisionado I (SI)', 'Profa. Mariah Rissi Leitão', 6);
INSERT INTO disciplina (id, nome, professor, curso_id) VALUES (178, 'Estágio Supervisionado II (SI)', 'Profa. Valéria Figueiró', 6);
INSERT INTO disciplina (id, nome, professor, curso_id) VALUES (179, 'Trabalho de Conclusão de Curso II - SI', 'a definir', 6);
INSERT INTO disciplina (id, nome, professor, curso_id) VALUES (180, 'Cálculo Diferencial e Integral A', 'Profa. Margarete da Silva Ramos', 6);
INSERT INTO disciplina (id, nome, professor, curso_id) VALUES (181, 'Estatística e Probabilidade', 'Profa. Margarete Ramos', 6);
INSERT INTO disciplina (id, nome, professor, curso_id) VALUES (182, 'Fundamentos da Contabilidade', 'a definir', 6);
INSERT INTO disciplina (id, nome, professor, curso_id) VALUES (183, 'Organização de Computadores I', 'Prof. Irineu de Azevedo', 6);
INSERT INTO disciplina (id, nome, professor, curso_id) VALUES (184, 'Programação de Computadores I', 'Prof. Sérgio Hermenegildo', 6);
INSERT INTO disciplina (id, nome, professor, curso_id) VALUES (185, 'Análise de Sistemas I', 'Profa. Erica Scheffel', 6);
INSERT INTO disciplina (id, nome, professor, curso_id) VALUES (186, 'Organização de Computadores II', 'Prof. Ralph Bini', 6);
INSERT INTO disciplina (id, nome, professor, curso_id) VALUES (187, 'Cálculo Diferencial e Integral B', 'Profa. Laimara da Silva Barroso', 6);
INSERT INTO disciplina (id, nome, professor, curso_id) VALUES (188, 'Análise de Sistemas II', 'Prof. Emerson Luiz Borges', 6);
INSERT INTO disciplina (id, nome, professor, curso_id) VALUES (189, 'Inferência Estatística', 'Profa. Rebeca Costa Dias', 6);
INSERT INTO disciplina (id, nome, professor, curso_id) VALUES (190, 'Metodologia de Pesquisa', 'Profa. Taíse Maria Marchiori', 6);
INSERT INTO disciplina (id, nome, professor, curso_id) VALUES (191, 'Programação de Computadores II', 'Prof. Sérgio Hermenegildo', 6);
INSERT INTO disciplina (id, nome, professor, curso_id) VALUES (192, 'Cálculo Numérico (S.I.)', 'Prof. Luciano Rangel', 6);
INSERT INTO disciplina (id, nome, professor, curso_id) VALUES (193, 'Matemática Discreta', 'Prof. Luciano Rangel', 6);
INSERT INTO disciplina (id, nome, professor, curso_id) VALUES (194, 'Projeto de Sistemas I', 'Prof. Ralph Bini', 6);
INSERT INTO disciplina (id, nome, professor, curso_id) VALUES (195, 'Álgebra Linear', 'Prof. Nicolas Mota', 6);
INSERT INTO disciplina (id, nome, professor, curso_id) VALUES (196, 'Estrutura de Dados I', 'Prof. Irineu de Azevedo', 6);
INSERT INTO disciplina (id, nome, professor, curso_id) VALUES (197, 'Gerência de Projetos', 'Prof. Afonso Carlos Tavares', 6);
INSERT INTO disciplina (id, nome, professor, curso_id) VALUES (198, 'Banco de Dados I', 'Prof. Luciano Garcia', 6);
INSERT INTO disciplina (id, nome, professor, curso_id) VALUES (199, 'Projeto de Sistemas II', 'a definir', 6);
INSERT INTO disciplina (id, nome, professor, curso_id) VALUES (200, 'Programação de Computadores III', 'a definir', 6);
INSERT INTO disciplina (id, nome, professor, curso_id) VALUES (201, 'Qualidade de Software', 'Prof. Afonso Carlos Tavares', 6);
INSERT INTO disciplina (id, nome, professor, curso_id) VALUES (202, 'Pesquisa Operacional I', 'a definir', 6);
INSERT INTO disciplina (id, nome, professor, curso_id) VALUES (203, 'Estrutura de Dados II', 'Prof. Irineu de Azevedo', 6);
INSERT INTO disciplina (id, nome, professor, curso_id) VALUES (204, 'Sistemas Operacionais I', 'Prof. Irineu de Azevedo', 6);
INSERT INTO disciplina (id, nome, professor, curso_id) VALUES (205, 'Inteligência Artificial', 'Prof. Irineu de Azevedo', 6);
INSERT INTO disciplina (id, nome, professor, curso_id) VALUES (206, 'Banco de Dados II', 'Prof. Luciano Garcia', 6);
INSERT INTO disciplina (id, nome, professor, curso_id) VALUES (207, 'UX e Desenvolvimento WEB', 'Prof. Sérgio Hermenegildo', 6);
INSERT INTO disciplina (id, nome, professor, curso_id) VALUES (208, 'Sistemas de Informações Gerenciais', 'Prof. Emerson Borges', 6);
INSERT INTO disciplina (id, nome, professor, curso_id) VALUES (209, 'Gerência de Sistemas e Projetos', 'Prof. Emerson Borges', 6);
INSERT INTO disciplina (id, nome, professor, curso_id) VALUES (210, 'Desenvolvimento de Sistemas I', 'Prof. Afonso Carlos Tavares', 6);
INSERT INTO disciplina (id, nome, professor, curso_id) VALUES (211, 'Sistemas Operacionais II', 'Prof. Ralph Bini', 6);
INSERT INTO disciplina (id, nome, professor, curso_id) VALUES (212, 'Desenvolvimento para Dispositivos Móveis', 'Prof. Luciano Rangel', 6);
INSERT INTO disciplina (id, nome, professor, curso_id) VALUES (213, 'Computação em Nuvem', 'Prof. Martinelli de Oliveira', 6);
INSERT INTO disciplina (id, nome, professor, curso_id) VALUES (214, 'Introdução a Redes de Computadores', 'Profa. Erica Scheffel', 6);
INSERT INTO disciplina (id, nome, professor, curso_id) VALUES (215, 'Trabalho de Conclusão de Curso I - SI', 'a definir', 6);
INSERT INTO disciplina (id, nome, professor, curso_id) VALUES (216, 'Banco de Dados III', 'Prof. Luciano Garcia', 6);
INSERT INTO disciplina (id, nome, professor, curso_id) VALUES (217, 'Gestão de Redes', 'Prof. Irineu de Azevedo', 6);
INSERT INTO disciplina (id, nome, professor, curso_id) VALUES (218, 'Gerência em Informação', 'Prof. Emerson Borges', 6);
INSERT INTO disciplina (id, nome, professor, curso_id) VALUES (219, 'Desenvolvimento de Sistemas II', 'Prof. Afonso Carlos Tavares', 6);
INSERT INTO disciplina (id, nome, professor, curso_id) VALUES (220, 'Empreendedorismo e Gestão Estratégica', 'Prof. Leandro Ulisses Romiti', 6);

-- Perguntas do formulário de avaliação docente
INSERT INTO pergunta (id, codigo, texto) VALUES (1, 'q1', 'Promove o debate e instiga o pensamento crítico, colaborando para a autonomia dos estudantes.');
INSERT INTO pergunta (id, codigo, texto) VALUES (2, 'q2', 'Relaciona aspectos teóricos com suas implicações e aplicações práticas.');
INSERT INTO pergunta (id, codigo, texto) VALUES (3, 'q3', 'Há coerência entre o que é ensinado e o que solicita nas avaliações.');
INSERT INTO pergunta (id, codigo, texto) VALUES (4, 'q4', 'Utiliza diferentes estratégias avaliativas.');
INSERT INTO pergunta (id, codigo, texto) VALUES (5, 'q5', 'Relaciona a sua disciplina com conteúdos, competências e habilidades de outras disciplinas do curso.');
INSERT INTO pergunta (id, codigo, texto) VALUES (6, 'q6', 'Analisa os resultados das avaliações com os estudantes, desenvolvendo mecanismos para a superação das dificuldades.');
INSERT INTO pergunta (id, codigo, texto) VALUES (7, 'q7', 'Mostra-se aberto ao diálogo, motivando os discentes a prosseguir nos estudos.');
INSERT INTO pergunta (id, codigo, texto) VALUES (8, 'q8', 'Faz uso adequado do seu tempo regular de aula, facilitando a aprendizagem em sala de aula.');
INSERT INTO pergunta (id, codigo, texto) VALUES (9, 'q9', 'Apresentou a disciplina disponibilizando plano de curso, estratégias de ensino e critérios de avaliação.');
INSERT INTO pergunta (id, codigo, texto) VALUES (10, 'q10', 'Utiliza diferentes estratégias pedagógicas ou andragógicas que incentivam a aprendizagem e a pesquisa.');

-- Ajusta as sequencias apos inserts com IDs fixos.
SELECT setval(pg_get_serial_sequence('curso', 'id'), (SELECT MAX(id) FROM curso));
SELECT setval(pg_get_serial_sequence('disciplina', 'id'), (SELECT MAX(id) FROM disciplina));
SELECT setval(pg_get_serial_sequence('pergunta', 'id'), (SELECT MAX(id) FROM pergunta));
